Symbol,Company Name,Series,ISIN Code
360ONE,360 ONE WAM Ltd.,EQ,INE466L01038
3MINDIA,3M India Ltd.,EQ,INE470A01017
ABB,ABB India Ltd.,EQ,INE117A01022
ACC,ACC Ltd.,EQ,INE012A01025
ACMESOLAR,ACME Solar Holdings Ltd.,EQ,INE622W01025
AIAENG,AIA Engineering Ltd.,EQ,INE212H01026
APLAPOLLO,APL Apollo Tubes Ltd.,EQ,INE702C01027
AUBANK,AU Small Finance Bank Ltd.,EQ,INE949L01017
AWL,AWL Agri Business Ltd.,EQ,INE699H01024
AADHARHFC,Aadhar Housing Finance Ltd.,EQ,INE883F01010
AARTIIND,Aarti Industries Ltd.,EQ,INE769A01020
AAVAS,Aavas Financiers Ltd.,EQ,INE216P01012
ABBOTINDIA,Abbott India Ltd.,EQ,INE358A01014
ACE,Action Construction Equipment Ltd.,EQ,INE731H01025
ACUTAAS,Acutaas Chemicals Ltd.,EQ,INE00FF01025
ADANIENSOL,Adani Energy Solutions Ltd.,EQ,INE931S01010
ADANIENT,Adani Enterprises Ltd.,EQ,INE423A01024
ADANIGREEN,Adani Green Energy Ltd.,EQ,INE364U01010
ADANIPORTS,Adani Ports and Special Economic Zone Ltd.,EQ,INE742F01042
ADANIPOWER,Adani Power Ltd.,EQ,INE814H01029
ATGL,Adani Total Gas Ltd.,EQ,INE399L01023
ABCAPITAL,Aditya Birla Capital Ltd.,EQ,INE674K01013
ABFRL,Aditya Birla Fashion and Retail Ltd.,EQ,INE647O01011
ABLBL,Aditya Birla Lifestyle Brands Ltd.,EQ,INE14LE01019
ABREL,Aditya Birla Real Estate Ltd.,EQ,INE055A01016
ABSLAMC,Aditya Birla Sun Life AMC Ltd.,EQ,INE404A01024
CPPLUS,Aditya Infotech Ltd.,EQ,INE819V01029
AEGISLOG,Aegis Logistics Ltd.,EQ,INE208C01025
AEGISVOPAK,Aegis Vopak Terminals Ltd.,EQ,INE0INX01018
AFCONS,Afcons Infrastructure Ltd.,EQ,INE101I01011
AFFLE,Affle 3i Ltd.,EQ,INE00WC01027
AJANTPHARM,Ajanta Pharmaceuticals Ltd.,EQ,INE031B01049
ALKEM,Alkem Laboratories Ltd.,EQ,INE540L01014
ABDL,Allied Blenders and Distillers Ltd.,EQ,INE552Z01027
ARE&M,Amara Raja Energy & Mobility Ltd.,EQ,INE885A01032
AMBER,Amber Enterprises India Ltd.,EQ,INE371P01015
AMBUJACEM,Ambuja Cements Ltd.,EQ,INE079A01024
ANANDRATHI,Anand Rathi Wealth Ltd.,EQ,INE463V01026
ANANTRAJ,Anant Raj Ltd.,EQ,INE242C01024
ANGELONE,Angel One Ltd.,EQ,INE732I01021
ANTHEM,Anthem Biosciences Ltd.,EQ,INE0CZ201020
ANURAS,Anupam Rasayan India Ltd.,EQ,INE930P01018
APARINDS,Apar Industries Ltd.,EQ,INE372A01015
APOLLOHOSP,Apollo Hospitals Enterprise Ltd.,EQ,INE437A01024
APOLLOTYRE,Apollo Tyres Ltd.,EQ,INE438A01022
APTUS,Aptus Value Housing Finance India Ltd.,EQ,INE852O01025
ASAHIINDIA,Asahi India Glass Ltd.,EQ,INE439A01020
ASHOKLEY,Ashok Leyland Ltd.,EQ,INE208A01029
ASIANPAINT,Asian Paints Ltd.,EQ,INE021A01026
ASTERDM,Aster DM Healthcare Ltd.,EQ,INE914M01019
ASTRAL,Astral Ltd.,EQ,INE006I01046
ATHERENERG,Ather Energy Ltd.,EQ,INE0LEZ01016
ATUL,Atul Ltd.,EQ,INE100A01010
AUROPHARMA,Aurobindo Pharma Ltd.,EQ,INE406A01037
AIIL,Authum Investment & Infrastructure Ltd.,EQ,INE206F01022
DMART,Avenue Supermarts Ltd.,EQ,INE192R01011
AXISBANK,Axis Bank Ltd.,EQ,INE238A01034
BEML,BEML Ltd.,EQ,INE258A01024
BLS,BLS International Services Ltd.,EQ,INE153T01027
BSE,BSE Ltd.,EQ,INE118H01025
BAJAJ-AUTO,Bajaj Auto Ltd.,EQ,INE917I01010
BAJFINANCE,Bajaj Finance Ltd.,EQ,INE296A01032
BAJAJFINSV,Bajaj Finserv Ltd.,EQ,INE918I01026
BAJAJHLDNG,Bajaj Holdings & Investment Ltd.,EQ,INE118A01012
BAJAJHFL,Bajaj Housing Finance Ltd.,EQ,INE377Y01014
BALKRISIND,Balkrishna Industries Ltd.,EQ,INE787D01026
BALRAMCHIN,Balrampur Chini Mills Ltd.,EQ,INE119A01028
BANDHANBNK,Bandhan Bank Ltd.,EQ,INE545U01014
BANKBARODA,Bank of Baroda,EQ,INE028A01039
BANKINDIA,Bank of India,EQ,INE084A01016
MAHABANK,Bank of Maharashtra,EQ,INE457A01014
BATAINDIA,Bata India Ltd.,EQ,INE176A01028
BAYERCROP,Bayer Cropscience Ltd.,EQ,INE462A01022
BELRISE,Belrise Industries Ltd.,EQ,INE894V01022
BERGEPAINT,Berger Paints India Ltd.,EQ,INE463A01038
BDL,Bharat Dynamics Ltd.,EQ,INE171Z01026
BEL,Bharat Electronics Ltd.,EQ,INE263A01024
BHARATFORG,Bharat Forge Ltd.,EQ,INE465A01025
BHEL,Bharat Heavy Electricals Ltd.,EQ,INE257A01026
BPCL,Bharat Petroleum Corporation Ltd.,EQ,INE029A01011
BHARTIARTL,Bharti Airtel Ltd.,EQ,INE397D01024
BHARTIHEXA,Bharti Hexacom Ltd.,EQ,INE343G01021
BIKAJI,Bikaji Foods International Ltd.,EQ,INE00E101023
GROWW,Billionbrains Garage Ventures Ltd.,EQ,INE0HOQ01053
BIOCON,Biocon Ltd.,EQ,INE376G01013
BSOFT,Birlasoft Ltd.,EQ,INE836A01035
BLUEDART,Blue Dart Express Ltd.,EQ,INE233B01017
BLUEJET,Blue Jet Healthcare Ltd.,EQ,INE0KBH01020
BLUESTARCO,Blue Star Ltd.,EQ,INE472A01039
BBTC,Bombay Burmah Trading Corporation Ltd.,EQ,INE050A01025
BOSCHLTD,Bosch Ltd.,EQ,INE323A01026
FIRSTCRY,Brainbees Solutions Ltd.,EQ,INE02RE01045
BRIGADE,Brigade Enterprises Ltd.,EQ,INE791I01019
BRITANNIA,Britannia Industries Ltd.,EQ,INE216A01030
MAPMYINDIA,C.E. Info Systems Ltd.,EQ,INE0BV301023
CCL,CCL Products (I) Ltd.,EQ,INE421D01022
CESC,CESC Ltd.,EQ,INE486A01021
CGPOWER,CG Power and Industrial Solutions Ltd.,EQ,INE067A01029
CRISIL,CRISIL Ltd.,EQ,INE007A01025
CANFINHOME,Can Fin Homes Ltd.,EQ,INE477A01020
CANBK,Canara Bank,EQ,INE476A01022
CANHLIFE,Canara HSBC Life Insurance Company Ltd.,EQ,INE01TY01017
CAPLIPOINT,Caplin Point Laboratories Ltd.,EQ,INE475E01026
CGCL,Capri Global Capital Ltd.,EQ,INE180C01042
CARBORUNIV,Carborundum Universal Ltd.,EQ,INE120A01034
CARTRADE,Cartrade Tech Ltd.,EQ,INE290S01011
CASTROLIND,Castrol India Ltd.,EQ,INE172A01027
CEATLTD,Ceat Ltd.,EQ,INE482A01020
CEMPRO,Cemindia Projects Ltd.,EQ,INE686A01026
CENTRALBK,Central Bank of India,EQ,INE483A01010
CDSL,Central Depository Services (India) Ltd.,EQ,INE736A01011
CHALET,Chalet Hotels Ltd.,EQ,INE427F01016
CHAMBLFERT,Chambal Fertilizers & Chemicals Ltd.,EQ,INE085A01013
CHENNPETRO,Chennai Petroleum Corporation Ltd.,EQ,INE178A01016
CHOICEIN,Choice International Ltd.,EQ,INE102B01014
CHOLAHLDNG,Cholamandalam Financial Holdings Ltd.,EQ,INE149A01033
CHOLAFIN,Cholamandalam Investment and Finance Company Ltd.,EQ,INE121A01024
CIPLA,Cipla Ltd.,EQ,INE059A01026
CUB,City Union Bank Ltd.,EQ,INE491A01021
CLEAN,Clean Science and Technology Ltd.,EQ,INE227W01023
COALINDIA,Coal India Ltd.,EQ,INE522F01014
COCHINSHIP,Cochin Shipyard Ltd.,EQ,INE704P01025
COFORGE,Coforge Ltd.,EQ,INE591G01025
COHANCE,Cohance Lifesciences Ltd.,EQ,INE03QK01018
COLPAL,Colgate Palmolive (India) Ltd.,EQ,INE259A01022
CAMS,Computer Age Management Services Ltd.,EQ,INE596I01020
CONCORDBIO,Concord Biotech Ltd.,EQ,INE338H01029
CONCOR,Container Corporation of India Ltd.,EQ,INE111A01025
COROMANDEL,Coromandel International Ltd.,EQ,INE169A01031
CRAFTSMAN,Craftsman Automation Ltd.,EQ,INE00LO01017
CREDITACC,CreditAccess Grameen Ltd.,EQ,INE741K01010
CROMPTON,Crompton Greaves Consumer Electricals Ltd.,EQ,INE299U01018
CUMMINSIND,Cummins India Ltd.,EQ,INE298A01020
CYIENT,Cyient Ltd.,EQ,INE136B01020
DCMSHRIRAM,DCM Shriram Ltd.,EQ,INE499A01024
DLF,DLF Ltd.,EQ,INE271C01023
DOMS,DOMS Industries Ltd.,EQ,INE321T01012
DABUR,Dabur India Ltd.,EQ,INE016A01026
DALBHARAT,Dalmia Bharat Ltd.,EQ,INE00R701025
DATAPATTNS,Data Patterns (India) Ltd.,EQ,INE0IX101010
DEEPAKFERT,Deepak Fertilisers & Petrochemicals Corp. Ltd.,EQ,INE501A01019
DEEPAKNTR,Deepak Nitrite Ltd.,EQ,INE288B01029
DELHIVERY,Delhivery Ltd.,EQ,INE148O01028
DEVYANI,Devyani International Ltd.,EQ,INE872J01023
DIVISLAB,Divi's Laboratories Ltd.,EQ,INE361B01024
DIXON,Dixon Technologies (India) Ltd.,EQ,INE935N01020
LALPATHLAB,Dr. Lal Path Labs Ltd.,EQ,INE600L01024
DRREDDY,Dr. Reddy's Laboratories Ltd.,EQ,INE089A01031
DUMMYVEDL1,Dummy Vedanta Ltd. 1,EQ,DU1205A01025
DUMMYVEDL2,Dummy Vedanta Ltd. 2,EQ,DU2205A01025
DUMMYVEDL3,Dummy Vedanta Ltd. 3,EQ,DU3205A01025
DUMMYVEDL4,Dummy Vedanta Ltd. 4,EQ,DU4205A01025
EIDPARRY,E.I.D. Parry (India) Ltd.,EQ,INE126A01031
EIHOTEL,EIH Ltd.,EQ,INE230A01023
EICHERMOT,Eicher Motors Ltd.,EQ,INE066A01021
ELECON,Elecon Engineering Co. Ltd.,EQ,INE205B01031
ELGIEQUIP,Elgi Equipments Ltd.,EQ,INE285A01027
EMAMILTD,Emami Ltd.,EQ,INE548C01032
EMCURE,Emcure Pharmaceuticals Ltd.,EQ,INE168P01015
EMMVEE,Emmvee Photovoltaic Power Ltd.,EQ,INE1C6T01020
ENDURANCE,Endurance Technologies Ltd.,EQ,INE913H01037
ENGINERSIN,Engineers India Ltd.,EQ,INE510A01028
ERIS,Eris Lifesciences Ltd.,EQ,INE406M01024
ESCORTS,Escorts Kubota Ltd.,EQ,INE042A01014
ETERNAL,Eternal Ltd.,EQ,INE758T01015
EXIDEIND,Exide Industries Ltd.,EQ,INE302A01020
NYKAA,FSN E-Commerce Ventures Ltd.,EQ,INE388Y01029
FEDERALBNK,Federal Bank Ltd.,EQ,INE171A01029
FACT,Fertilisers and Chemicals Travancore Ltd.,EQ,INE188A01015
FINCABLES,Finolex Cables Ltd.,EQ,INE235A01022
FSL,Firstsource Solutions Ltd.,EQ,INE684F01012
FIVESTAR,Five-Star Business Finance Ltd.,EQ,INE128S01021
FORCEMOT,Force Motors Ltd.,EQ,INE451A01017
FORTIS,Fortis Healthcare Ltd.,EQ,INE061F01013
GAIL,GAIL (India) Ltd.,EQ,INE129A01019
GVT&D,GE Vernova T&D India Ltd.,EQ,INE200A01026
GMRAIRPORT,GMR Airports Ltd.,EQ,INE776C01039
GABRIEL,Gabriel India Ltd.,EQ,INE524A01029
GALLANTT,Gallantt Ispat Ltd.,EQ,INE297H01019
GRSE,Garden Reach Shipbuilders & Engineers Ltd.,EQ,INE382Z01011
GICRE,General Insurance Corporation of India,EQ,INE481Y01014
GILLETTE,Gillette India Ltd.,EQ,INE322A01010
GLAND,Gland Pharma Ltd.,EQ,INE068V01023
GLAXO,Glaxosmithkline Pharmaceuticals Ltd.,EQ,INE159A01016
GLENMARK,Glenmark Pharmaceuticals Ltd.,EQ,INE935A01035
MEDANTA,Global Health Ltd.,EQ,INE474Q01031
GODIGIT,Go Digit General Insurance Ltd.,EQ,INE03JT01014
GPIL,Godawari Power & Ispat Ltd.,EQ,INE177H01039
GODFRYPHLP,Godfrey Phillips India Ltd.,EQ,INE260B01028
GODREJCP,Godrej Consumer Products Ltd.,EQ,INE102D01028
GODREJIND,Godrej Industries Ltd.,EQ,INE233A01035
GODREJPROP,Godrej Properties Ltd.,EQ,INE484J01027
GRANULES,Granules India Ltd.,EQ,INE101D01020
GRAPHITE,Graphite India Ltd.,EQ,INE371A01025
GRASIM,Grasim Industries Ltd.,EQ,INE047A01021
GRAVITA,Gravita India Ltd.,EQ,INE024L01027
GESHIP,Great Eastern Shipping Co. Ltd.,EQ,INE017A01032
FLUOROCHEM,Gujarat Fluorochemicals Ltd.,EQ,INE09N301011
GMDCLTD,Gujarat Mineral Development Corporation Ltd.,EQ,INE131A01031
GSPL,Gujarat State Petronet Ltd.,EQ,INE246F01010
HEG,H.E.G. Ltd.,EQ,INE545A01024
HBLENGINE,HBL Engineering Ltd.,EQ,INE292B01021
HCLTECH,HCL Technologies Ltd.,EQ,INE860A01027
HDBFS,HDB Financial Services Ltd.,EQ,INE756I01012
HDFCAMC,HDFC Asset Management Company Ltd.,EQ,INE127D01025
HDFCBANK,HDFC Bank Ltd.,EQ,INE040A01034
HDFCLIFE,HDFC Life Insurance Company Ltd.,EQ,INE795G01014
HFCL,HFCL Ltd.,EQ,INE548A01028
HAVELLS,Havells India Ltd.,EQ,INE176B01034
HEROMOTOCO,Hero MotoCorp Ltd.,EQ,INE158A01026
HEXT,Hexaware Technologies Ltd.,EQ,INE093A01041
HSCL,Himadri Speciality Chemical Ltd.,EQ,INE019C01026
HINDALCO,Hindalco Industries Ltd.,EQ,INE038A01020
HAL,Hindustan Aeronautics Ltd.,EQ,INE066F01020
HINDCOPPER,Hindustan Copper Ltd.,EQ,INE531E01026
HINDPETRO,Hindustan Petroleum Corporation Ltd.,EQ,INE094A01015
HINDUNILVR,Hindustan Unilever Ltd.,EQ,INE030A01027
HINDZINC,Hindustan Zinc Ltd.,EQ,INE267A01025
POWERINDIA,Hitachi Energy India Ltd.,EQ,INE07Y701011
HOMEFIRST,Home First Finance Company India Ltd.,EQ,INE481N01025
HONASA,Honasa Consumer Ltd.,EQ,INE0J5401028
HONAUT,Honeywell Automation India Ltd.,EQ,INE671A01010
HUDCO,Housing & Urban Development Corporation Ltd.,EQ,INE031A01017
HYUNDAI,Hyundai Motor India Ltd.,EQ,INE0V6F01027
ICICIBANK,ICICI Bank Ltd.,EQ,INE090A01021
ICICIGI,ICICI Lombard General Insurance Company Ltd.,EQ,INE765G01017
ICICIAMC,ICICI Prudential Asset Management Company Ltd.,EQ,INE346A01027
ICICIPRULI,ICICI Prudential Life Insurance Company Ltd.,EQ,INE726G01019
IDBI,IDBI Bank Ltd.,EQ,INE008A01015
IDFCFIRSTB,IDFC First Bank Ltd.,EQ,INE092T01019
IFCI,IFCI Ltd.,EQ,INE039A01010
IIFL,IIFL Finance Ltd.,EQ,INE530B01024
IRB,IRB Infrastructure Developers Ltd.,EQ,INE821I01022
IRCON,IRCON International Ltd.,EQ,INE962Y01021
ITCHOTELS,ITC Hotels Ltd.,EQ,INE379A01028
ITC,ITC Ltd.,EQ,INE154A01025
ITI,ITI Ltd.,EQ,INE248A01017
INDGN,Indegene Ltd.,EQ,INE065X01017
INDIACEM,India Cements Ltd.,EQ,INE383A01012
INDIAMART,Indiamart Intermesh Ltd.,EQ,INE933S01016
INDIANB,Indian Bank,EQ,INE562A01011
IEX,Indian Energy Exchange Ltd.,EQ,INE022Q01020
INDHOTEL,Indian Hotels Co. Ltd.,EQ,INE053A01029
IOC,Indian Oil Corporation Ltd.,EQ,INE242A01010
IOB,Indian Overseas Bank,EQ,INE565A01014
IRCTC,Indian Railway Catering And Tourism Corporation Ltd.,EQ,INE335Y01020
IRFC,Indian Railway Finance Corporation Ltd.,EQ,INE053F01010
IREDA,Indian Renewable Energy Development Agency Ltd.,EQ,INE202E01016
IGL,Indraprastha Gas Ltd.,EQ,INE203G01027
INDUSTOWER,Indus Towers Ltd.,EQ,INE121J01017
INDUSINDBK,IndusInd Bank Ltd.,EQ,INE095A01012
NAUKRI,Info Edge (India) Ltd.,EQ,INE663F01032
INFY,Infosys Ltd.,EQ,INE009A01021
INOXWIND,Inox Wind Ltd.,EQ,INE066P01011
INTELLECT,Intellect Design Arena Ltd.,EQ,INE306R01017
INDIGO,InterGlobe Aviation Ltd.,EQ,INE646L01027
IGIL,International Gemmological Institute (India) Ltd.,EQ,INE0Q9301021
IKS,Inventurus Knowledge Solutions Ltd.,EQ,INE115Q01022
IPCALAB,Ipca Laboratories Ltd.,EQ,INE571A01038
JBCHEPHARM,J.B. Chemicals & Pharmaceuticals Ltd.,EQ,INE572A01036
JKCEMENT,J.K. Cement Ltd.,EQ,INE823G01014
JBMA,JBM Auto Ltd.,EQ,INE927D01051
JKTYRE,JK Tyre & Industries Ltd.,EQ,INE573A01042
JMFINANCIL,JM Financial Ltd.,EQ,INE780C01023
JSWCEMENT,JSW Cement Ltd.,EQ,INE718I01012
JSWDULUX,JSW Dulux Ltd.,EQ,INE133A01011
JSWENERGY,JSW Energy Ltd.,EQ,INE121E01018
JSWINFRA,JSW Infrastructure Ltd.,EQ,INE880J01026
JSWSTEEL,JSW Steel Ltd.,EQ,INE019A01038
JAINREC,Jain Resource Recycling Ltd.,EQ,INE0YD401026
JPPOWER,Jaiprakash Power Ventures Ltd.,EQ,INE351F01018
J&KBANK,Jammu & Kashmir Bank Ltd.,EQ,INE168A01041
JINDALSAW,Jindal Saw Ltd.,EQ,INE324A01032
JSL,Jindal Stainless Ltd.,EQ,INE220G01021
JINDALSTEL,Jindal Steel Ltd.,EQ,INE749A01030
JIOFIN,Jio Financial Services Ltd.,EQ,INE758E01017
JUBLFOOD,Jubilant Foodworks Ltd.,EQ,INE797F01020
JUBLINGREA,Jubilant Ingrevia Ltd.,EQ,INE0BY001018
JUBLPHARMA,Jubilant Pharmova Ltd.,EQ,INE700A01033
JWL,Jupiter Wagons Ltd.,EQ,INE209L01016
JYOTICNC,Jyoti CNC Automation Ltd.,EQ,INE980O01024
KPRMILL,K.P.R. Mill Ltd.,EQ,INE930H01031
KEI,KEI Industries Ltd.,EQ,INE878B01027
KPITTECH,KPIT Technologies Ltd.,EQ,INE04I401011
KAJARIACER,Kajaria Ceramics Ltd.,EQ,INE217B01036
KPIL,Kalpataru Projects International Ltd.,EQ,INE220B01022
KALYANKJIL,Kalyan Jewellers India Ltd.,EQ,INE303R01014
KARURVYSYA,Karur Vysya Bank Ltd.,EQ,INE036D01028
KAYNES,Kaynes Technology India Ltd.,EQ,INE918Z01012
KEC,Kec International Ltd.,EQ,INE389H01022
KFINTECH,Kfin Technologies Ltd.,EQ,INE138Y01010
KIRLOSENG,Kirloskar Oil Eng Ltd.,EQ,INE146L01010
KOTAKBANK,Kotak Mahindra Bank Ltd.,EQ,INE237A01036
KIMS,Krishna Institute of Medical Sciences Ltd.,EQ,INE967H01025
LTF,L&T Finance Ltd.,EQ,INE498L01015
LTTS,L&T Technology Services Ltd.,EQ,INE010V01017
LGEINDIA,LG Electronics India Ltd.,EQ,INE324D01010
LICHSGFIN,LIC Housing Finance Ltd.,EQ,INE115A01026
LTFOODS,LT Foods Ltd.,EQ,INE818H01020
LTM,LTM Ltd.,EQ,INE214T01019
LT,Larsen & Toubro Ltd.,EQ,INE018A01030
LATENTVIEW,Latent View Analytics Ltd.,EQ,INE0I7C01011
LAURUSLABS,Laurus Labs Ltd.,EQ,INE947Q01028
THELEELA,Leela Palaces Hotels & Resorts Ltd.,EQ,INE0AQ201015
LEMONTREE,Lemon Tree Hotels Ltd.,EQ,INE970X01018
LENSKART,Lenskart Solutions Ltd.,EQ,INE956O01016
LICI,Life Insurance Corporation of India,EQ,INE0J1Y01017
LINDEINDIA,Linde India Ltd.,EQ,INE473A01011
LLOYDSME,Lloyds Metals And Energy Ltd.,EQ,INE281B01032
LODHA,Lodha Developers Ltd.,EQ,INE670K01029
LUPIN,Lupin Ltd.,EQ,INE326A01037
MMTC,MMTC Ltd.,EQ,INE123F01029
MRF,MRF Ltd.,EQ,INE883A01011
MGL,Mahanagar Gas Ltd.,EQ,INE002S01010
M&MFIN,Mahindra & Mahindra Financial Services Ltd.,EQ,INE774D01024
M&M,Mahindra & Mahindra Ltd.,EQ,INE101A01026
MANAPPURAM,Manappuram Finance Ltd.,EQ,INE522D01027
MRPL,Mangalore Refinery & Petrochemicals Ltd.,EQ,INE103A01014
MANKIND,Mankind Pharma Ltd.,EQ,INE634S01028
MARICO,Marico Ltd.,EQ,INE196A01026
MARUTI,Maruti Suzuki India Ltd.,EQ,INE585B01010
MFSL,Max Financial Services Ltd.,EQ,INE180A01020
MAXHEALTH,Max Healthcare Institute Ltd.,EQ,INE027H01010
MAZDOCK,Mazagoan Dock Shipbuilders Ltd.,EQ,INE249Z01020
MEESHO,Meesho Ltd.,EQ,INE0VDM01015
MINDACORP,Minda Corporation Ltd.,EQ,INE842C01021
MSUMI,Motherson Sumi Wiring India Ltd.,EQ,INE0FS801015
MOTILALOFS,Motilal Oswal Financial Services Ltd.,EQ,INE338I01027
MPHASIS,MphasiS Ltd.,EQ,INE356A01018
MCX,Multi Commodity Exchange of India Ltd.,EQ,INE745G01043
MUTHOOTFIN,Muthoot Finance Ltd.,EQ,INE414G01012
NATCOPHARM,NATCO Pharma Ltd.,EQ,INE987B01026
NBCC,NBCC (India) Ltd.,EQ,INE095N01031
NCC,NCC Ltd.,EQ,INE868B01028
NHPC,NHPC Ltd.,EQ,INE848E01016
NLCINDIA,NLC India Ltd.,EQ,INE589A01014
NMDC,NMDC Ltd.,EQ,INE584A01023
NSLNISP,NMDC Steel Ltd.,EQ,INE0NNS01018
NTPCGREEN,NTPC Green Energy Ltd.,EQ,INE0ONG01011
NTPC,NTPC Ltd.,EQ,INE733E01010
NH,Narayana Hrudayalaya Ltd.,EQ,INE410P01011
NATIONALUM,National Aluminium Co. Ltd.,EQ,INE139A01034
NAVA,Nava Ltd.,EQ,INE725A01030
NAVINFLUOR,Navin Fluorine International Ltd.,EQ,INE048G01026
NESTLEIND,Nestle India Ltd.,EQ,INE239A01024
NETWEB,Netweb Technologies India Ltd.,EQ,INE0NT901020
NEULANDLAB,Neuland Laboratories Ltd.,EQ,INE794A01010
NEWGEN,Newgen Software Technologies Ltd.,EQ,INE619B01017
NAM-INDIA,Nippon Life India Asset Management Ltd.,EQ,INE298J01013
NIVABUPA,Niva Bupa Health Insurance Company Ltd.,EQ,INE995S01015
NUVAMA,Nuvama Wealth Management Ltd.,EQ,INE531F01023
NUVOCO,Nuvoco Vistas Corporation Ltd.,EQ,INE118D01016
OBEROIRLTY,Oberoi Realty Ltd.,EQ,INE093I01010
ONGC,Oil & Natural Gas Corporation Ltd.,EQ,INE213A01029
OIL,Oil India Ltd.,EQ,INE274J01014
OLAELEC,Ola Electric Mobility Ltd.,EQ,INE0LXG01040
OLECTRA,Olectra Greentech Ltd.,EQ,INE260D01016
PAYTM,One 97 Communications Ltd.,EQ,INE982J01020
ONESOURCE,Onesource Specialty Pharma Ltd.,EQ,INE013P01021
OFSS,Oracle Financial Services Software Ltd.,EQ,INE881D01027
POLICYBZR,PB Fintech Ltd.,EQ,INE417T01026
PCBL,PCBL Chemical Ltd.,EQ,INE602A01031
PGEL,PG Electroplast Ltd.,EQ,INE457L01029
PIIND,PI Industries Ltd.,EQ,INE603J01030
PNBHOUSING,PNB Housing Finance Ltd.,EQ,INE572E01012
PTCIL,PTC Industries Ltd.,EQ,INE596F01018
PVRINOX,PVR INOX Ltd.,EQ,INE191H01014
PAGEIND,Page Industries Ltd.,EQ,INE761H01022
PARADEEP,Paradeep Phosphates Ltd.,EQ,INE088F01024
PATANJALI,Patanjali Foods Ltd.,EQ,INE619A01035
PERSISTENT,Persistent Systems Ltd.,EQ,INE262H01021
PETRONET,Petronet LNG Ltd.,EQ,INE347G01014
PFIZER,Pfizer Ltd.,EQ,INE182A01018
PHOENIXLTD,Phoenix Mills Ltd.,EQ,INE211B01039
PWL,Physicswallah Ltd.,EQ,INE0LP301011
PIDILITIND,Pidilite Industries Ltd.,EQ,INE318A01026
PINELABS,Pine Labs Ltd.,EQ,INE15B701018
PIRAMALFIN,Piramal Finance Ltd.,EQ,INE202B01038
PPLPHARMA,Piramal Pharma Ltd.,EQ,INE0DK501011
POLYMED,Poly Medicure Ltd.,EQ,INE205C01021
POLYCAB,Polycab India Ltd.,EQ,INE455K01017
POONAWALLA,Poonawalla Fincorp Ltd.,EQ,INE511C01022
PFC,Power Finance Corporation Ltd.,EQ,INE134E01011
POWERGRID,Power Grid Corporation of India Ltd.,EQ,INE752E01010
PREMIERENE,Premier Energies Ltd.,EQ,INE0BS701011
PRESTIGE,Prestige Estates Projects Ltd.,EQ,INE811K01011
PNB,Punjab National Bank,EQ,INE160A01022
RRKABEL,R R Kabel Ltd.,EQ,INE777K01022
RBLBANK,RBL Bank Ltd.,EQ,INE976G01028
RECLTD,REC Ltd.,EQ,INE020B01018
RHIM,RHI MAGNESITA INDIA LTD.,EQ,INE743M01012
RITES,RITES Ltd.,EQ,INE320J01015
RADICO,Radico Khaitan Ltd,EQ,INE944F01028
RVNL,Rail Vikas Nigam Ltd.,EQ,INE415G01027
RAILTEL,Railtel Corporation Of India Ltd.,EQ,INE0DD101019
RAINBOW,Rainbow Childrens Medicare Ltd.,EQ,INE961O01016
RKFORGE,Ramkrishna Forgings Ltd.,EQ,INE399G01023
REDINGTON,Redington Ltd.,EQ,INE891D01026
RELIANCE,Reliance Industries Ltd.,EQ,INE002A01018
RPOWER,Reliance Power Ltd.,EQ,INE614G01033
SBFC,SBFC Finance Ltd.,EQ,INE423Y01016
SBICARD,SBI Cards and Payment Services Ltd.,EQ,INE018E01016
SBILIFE,SBI Life Insurance Company Ltd.,EQ,INE123W01016
SJVN,SJVN Ltd.,EQ,INE002L01015
SRF,SRF Ltd.,EQ,INE647A01010
SAGILITY,Sagility Ltd.,EQ,INE0W2G01015
SAILIFE,Sai Life Sciences Ltd.,EQ,INE570L01029
SAMMAANCAP,Sammaan Capital Ltd.,EQ,INE148I01020
MOTHERSON,Samvardhana Motherson International Ltd.,EQ,INE775A01035
SAPPHIRE,Sapphire Foods India Ltd.,EQ,INE806T01020
SARDAEN,Sarda Energy and Minerals Ltd.,EQ,INE385C01021
SAREGAMA,Saregama India Ltd,EQ,INE979A01025
SCHAEFFLER,Schaeffler India Ltd.,EQ,INE513A01022
SCHNEIDER,Schneider Electric Infrastructure Ltd.,BE,INE839M01018
SCI,Shipping Corporation of India Ltd.,EQ,INE109A01011
SHREECEM,Shree Cement Ltd.,EQ,INE070A01015
SHRIRAMFIN,Shriram Finance Ltd.,EQ,INE721A01047
SHYAMMETL,Shyam Metalics and Energy Ltd.,EQ,INE810G01011
ENRIN,Siemens Energy India Ltd.,EQ,INE1NPP01017
SIEMENS,Siemens Ltd.,EQ,INE003A01024
SIGNATURE,Signatureglobal (India) Ltd.,EQ,INE903U01023
SOBHA,Sobha Ltd.,EQ,INE671H01015
SOLARINDS,Solar Industries India Ltd.,EQ,INE343H01029
SONACOMS,Sona BLW Precision Forgings Ltd.,EQ,INE073K01018
SONATSOFTW,Sonata Software Ltd.,EQ,INE269A01021
STARHEALTH,Star Health and Allied Insurance Company Ltd.,EQ,INE575P01011
SBIN,State Bank of India,EQ,INE062A01020
SAIL,Steel Authority of India Ltd.,EQ,INE114A01011
SUMICHEM,Sumitomo Chemical India Ltd.,EQ,INE258G01013
SUNPHARMA,Sun Pharmaceutical Industries Ltd.,EQ,INE044A01036
SUNTV,Sun TV Network Ltd.,EQ,INE424H01027
SUNDARMFIN,Sundaram Finance Ltd.,EQ,INE660A01013
SUPREMEIND,Supreme Industries Ltd.,EQ,INE195A01028
SPLPETRO,Supreme Petrochem Ltd.,EQ,INE663A01033
SUZLON,Suzlon Energy Ltd.,EQ,INE040H01021
SWANCORP,Swan Corp Ltd.,EQ,INE665A01038
SWIGGY,Swiggy Ltd.,EQ,INE00H001014
SYNGENE,Syngene International Ltd.,EQ,INE398R01022
SYRMA,Syrma SGS Technology Ltd.,EQ,INE0DYJ01015
TBOTEK,TBO Tek Ltd.,EQ,INE673O01025
TVSMOTOR,TVS Motor Company Ltd.,EQ,INE494B01023
TATACAP,Tata Capital Ltd.,EQ,INE976I01016
TATACHEM,Tata Chemicals Ltd.,EQ,INE092A01019
TATACOMM,Tata Communications Ltd.,EQ,INE151A01013
TCS,Tata Consultancy Services Ltd.,EQ,INE467B01029
TATACONSUM,Tata Consumer Products Ltd.,EQ,INE192A01025
TATAELXSI,Tata Elxsi Ltd.,EQ,INE670A01012
TATAINVEST,Tata Investment Corporation Ltd.,EQ,INE672A01026
TMCV,Tata Motors Ltd.,EQ,INE1TAE01010
TMPV,Tata Motors Passenger Vehicles Ltd.,EQ,INE155A01022
TATAPOWER,Tata Power Co. Ltd.,EQ,INE245A01021
TATASTEEL,Tata Steel Ltd.,EQ,INE081A01020
TATATECH,Tata Technologies Ltd.,EQ,INE142M01025
TTML,Tata Teleservices (Maharashtra) Ltd.,EQ,INE517B01013
TECHM,Tech Mahindra Ltd.,EQ,INE669C01036
TECHNOE,Techno Electric & Engineering Company Ltd.,EQ,INE285K01026
TEGA,Tega Industries Ltd.,EQ,INE011K01018
TEJASNET,Tejas Networks Ltd.,EQ,INE010J01012
TENNIND,Tenneco Clean Air India Ltd.,EQ,INE19RI01016
NIACL,The New India Assurance Company Ltd.,EQ,INE470Y01017
RAMCOCEM,The Ramco Cements Ltd.,EQ,INE331A01037
THERMAX,Thermax Ltd.,EQ,INE152A01029
TIMKEN,Timken India Ltd.,EQ,INE325A01013
TITAGARH,Titagarh Rail Systems Ltd.,EQ,INE615H01020
TITAN,Titan Company Ltd.,EQ,INE280A01028
TORNTPHARM,Torrent Pharmaceuticals Ltd.,EQ,INE685A01028
TORNTPOWER,Torrent Power Ltd.,EQ,INE813H01021
TARIL,Transformers And Rectifiers (India) Ltd.,EQ,INE763I01026
TRAVELFOOD,Travel Food Services Ltd.,EQ,INE103V01028
TRENT,Trent Ltd.,EQ,INE849A01020
TRIDENT,Trident Ltd.,EQ,INE064C01022
TRITURBINE,Triveni Turbine Ltd.,EQ,INE152M01016
TIINDIA,Tube Investments of India Ltd.,EQ,INE974X01010
UCOBANK,UCO Bank,EQ,INE691A01018
UNOMINDA,UNO Minda Ltd.,EQ,INE405E01023
UPL,UPL Ltd.,EQ,INE628A01036
UTIAMC,UTI Asset Management Company Ltd.,EQ,INE094J01016
ULTRACEMCO,UltraTech Cement Ltd.,EQ,INE481G01011
UNIONBANK,Union Bank of India,EQ,INE692A01016
UBL,United Breweries Ltd.,EQ,INE686F01025
UNITDSPR,United Spirits Ltd.,EQ,INE854D01024
URBANCO,Urban Company Ltd.,EQ,INE0CAZ01013
USHAMART,Usha Martin Ltd.,EQ,INE228A01035
VTL,Vardhman Textiles Ltd.,EQ,INE825A01020
VBL,Varun Beverages Ltd.,EQ,INE200M01039
VEDL,Vedanta Ltd.,EQ,INE205A01025
VIJAYA,Vijaya Diagnostic Centre Ltd.,EQ,INE043W01024
VMM,Vishal Mega Mart Ltd.,EQ,INE01EA01019
IDEA,Vodafone Idea Ltd.,EQ,INE669E01016
VOLTAS,Voltas Ltd.,EQ,INE226A01021
WAAREEENER,Waaree Energies Ltd.,EQ,INE377N01017
WELCORP,Welspun Corp Ltd.,EQ,INE191B01025
WELSPUNLIV,Welspun Living Ltd.,EQ,INE192B01031
WHIRLPOOL,Whirlpool of India Ltd.,EQ,INE716A01013
WIPRO,Wipro Ltd.,EQ,INE075A01022
WOCKPHARMA,Wockhardt Ltd.,EQ,INE049B01025
YESBANK,Yes Bank Ltd.,EQ,INE528G01035
ZFCVINDIA,ZF Commercial Vehicle Control Systems India Ltd.,EQ,INE342J01019
ZEEL,Zee Entertainment Enterprises Ltd.,EQ,INE256A01028
ZENTEC,Zen Technologies Ltd.,EQ,INE251B01027
ZENSARTECH,Zensar Technolgies Ltd.,EQ,INE520A01027
ZYDUSLIFE,Zydus Lifesciences Ltd.,EQ,INE010B01027
ZYDUSWELL,Zydus Wellness Ltd.,EQ,INE768C01028
ECLERX,eClerx Services Ltd.,EQ,INE738I01010
